Category,ASIN,Overall rank,Overall rating,Star rating,Controls,Noise,Cleaning,Measured capacity,Temp guage accuracy,Energy efficiency,Heating speed,Temperature range
Air Fryers,B07WLCP88P,1,9.66,9.77,5.08,5.18,10.00,5.39,5.00,5.06,5.05,5.96
Air Fryers,B07VLKMMJ5,2,9.44,9.84,6.61,5.59,9.96,5.00,5.00,5.00,4.65,5.12
Air Fryers,B07RX9JQGN,3,8.78,9.58,5.40,4.96,9.29,5.58,4.86,5.27,5.01,5.32
Air Fryers,B07GJBBGHG,4,8.63,9.88,5.13,5.07,8.93,5.21,5.00,5.10,5.06,5.06
Air Fryers,B07S6529ZZ,5,8.52,9.47,4.98,4.71,9.01,6.57,4.70,5.00,5.33,4.72
Air Fryers,B07FDJMC9Q,6,8.45,9.41,5.04,4.96,8.52,4.98,5.02,5.09,5.14,5.11
Air Fryers,B07QM9P7CC,7,8.15,9.06,5.03,5.01,8.79,5.44,5.00,5.03,5.25,5.03
Air Fryers,B01NAQOO5I,8,7.78,9.13,5.20,4.95,7.87,5.33,5.00,5.08,5.07,5.20
Air Fryers,B07FF117K7,9,7.73,9.17,5.02,4.99,7.49,5.03,5.04,4.98,5.11,5.23
Air Fryers,B01K1QQ2QI,10,7.40,8.99,5.04,5.03,7.40,5.20,5.00,4.95,5.09,4.96
Air Fryers,B07GSHW951,11,7.04,8.70,5.00,4.77,7.61,5.42,5.00,5.00,5.00,4.78
Air Fryers,B07GNSHPBQ,12,6.92,8.52,5.08,4.90,8.01,5.12,5.01,4.99,5.01,4.95
Air Fryers,B077W6TX88,13,6.50,8.47,5.01,5.01,7.02,5.10,4.97,5.08,5.12,4.93
Air Fryers,B07QHKXXPX,14,4.86,4.76,5.00,5.00,5.00,5.00,5.00,5.00,5.00,5.00
Air Fryers,B01M036C6E,15,4.52,6.58,5.03,4.75,5.50,5.00,5.00,5.02,4.81,4.75
Air Fryers,B0769Y1JVN,16,3.46,5.73,4.95,4.94,5.19,5.12,5.00,5.05,4.89,4.94
